2025-04-10 23:14:31,How many remaining for Part 5TW10AA,unknown,none,fail
2025-04-10 23:14:49,internal_error,error,server_crash,fail
2025-04-10 23:15:32,internal_error,error,server_crash,fail
2025-04-13 20:18:34,How many of 5TW10AA are remaining?,unknown,none,fail
2025-04-14 18:21:29,How many 5TW10AA are remaining?,Remaining Quantity,lookup,success
2025-04-14 18:45:56,How many 5TW10AA are remaining?,Remaining Quantity,lookup,success
2025-04-14 18:57:57,How many of 5TW10AA are remaining?,Remaining qty,lookup,success
2025-04-14 18:58:23,How many SKUs have remaining qty less than 10,Product number,no_match,fail
2025-04-14 18:59:26,How many of 5TW10AA and 5TW13AA are remaining?,Remaining qty,lookup,success
2025-04-14 19:07:23,How many of 5TW10AA and 5TW13AA are remaining?,Remaining qty,multi_lookup,success
2025-04-14 19:09:53,How many parts are below remaining qty 10,Product number,multi_lookup,success
2025-04-14 19:13:07,What date did 45791720 start?,unknown,none,fail
2025-04-14 19:13:08,What date did 45791720 start?,unknown,none,fail
2025-04-14 19:18:11,What date did 45791720 start?,Begin Date,multi_lookup,success
2025-04-14 19:19:55,How many 5TW10AA are left?,Remaining qty,multi_lookup,success
2025-04-14 19:20:27,How many parts with 0 remaining qty?,Product number,multi_lookup,success
2025-04-14 19:20:53,How many parts with remaining qty greater than 100,Product number,multi_lookup,success
2025-04-14 19:22:28,"Remaining qty for the parts 5TW13AA#ABA, 5TW10AA, 77T36AA#ABA",Product number,multi_lookup,success
2025-04-14 19:26:22,"Remaining qty for the parts 5TW13AA#ABA, 5TW10AA, 77T36AA#ABA",Product number,multi_lookup,success
